ChannelID,VideoID,Title,ViewCount,PublishDate
UC4p_I9eiRewn2KoU-nawrDg,rwoJuT76nb8,"National Day Song 2016: TomorrowтАЩs Here Today, performed by 53A",3616363,2016-06-19T10:02:35Z
UC4p_I9eiRewn2KoU-nawrDg,wg1iNV6ZTGE,[WATCH] Boy who died before getting PSLE results inspired many,2758030,2020-12-01T04:11:27Z
UC4p_I9eiRewn2KoU-nawrDg,8Tv3NSpnAP8,"Japan&#39;s ex-prime minister Shinzo Abe shot in Nara, shows no vital signs: Media",1332016,2022-07-08T03:35:01Z
UC4p_I9eiRewn2KoU-nawrDg,GNSCfAAq878,&#39;It was time&#39;: Thai man who kept wife&#39;s body at home for 21 years comes to terms with her death,1069484,2022-05-15T01:59:46Z
UC4p_I9eiRewn2KoU-nawrDg,PDW1DHnhaCM,&quot;I got the closure I needed&quot;: Man reunited with 8 biological siblings at 59 after long search,950720,2022-07-23T07:22:51Z
UC4p_I9eiRewn2KoU-nawrDg,GPfap6bYq1Y,Hard to watch Covid-19 patients die alone: Italian doctor,887269,2020-03-20T19:31:10Z
UC4p_I9eiRewn2KoU-nawrDg,CcrcnKBCFuY,Struggles of an air stewardess | Before 10am | The Straits Times,809631,2019-02-18T07:42:51Z
UC4p_I9eiRewn2KoU-nawrDg,Lh87Y4Xs6xs,Exclusive footage of Tanjong Pagar car crash | ST NEWS NIGHT,792107,2021-02-16T13:20:44Z
UC4p_I9eiRewn2KoU-nawrDg,F85nXuUXs8Y,Nusantara: Indonesia&#39;s planned new capital - East Kalimantan,549290,2019-09-18T10:42:59Z
UC4p_I9eiRewn2KoU-nawrDg,YSiRRMRhUSo,Becoming a Singapore Armed Forces elite soldier #commando,519237,2019-12-03T12:30:22Z
UC4p_I9eiRewn2KoU-nawrDg,57HBTpEn7KQ,Teen grows sustainable hydroponic farm at home,457661,2020-10-10T13:00:48Z
UC4p_I9eiRewn2KoU-nawrDg,dS5hfh66T2E,Abe&#39;s body returns home as Japan grieves,456545,2022-07-09T15:44:50Z
UC4p_I9eiRewn2KoU-nawrDg,pJ4eErqt768,Fandi v sons: The Father&#39;s Day quiz,447922,2022-06-19T06:00:09Z
UC4p_I9eiRewn2KoU-nawrDg,j7OMZfUOv_E,Timeline: The shooting of Japan&#39;s former PM Shinzo Abe,442155,2022-07-09T01:59:46Z
UC4p_I9eiRewn2KoU-nawrDg,uYmBk61rQWY,River Valley High School student allegedly killed on campus | ST LIVE,433685,2021-07-19T07:09:01Z
UC4p_I9eiRewn2KoU-nawrDg,k4LMu7A9r_k,Becoming Singapore Airlines cabin crew: A training journey,408860,2022-10-25T11:00:34Z
UC4p_I9eiRewn2KoU-nawrDg,KudrTHRl1XI,Worms seen in McDonald&#39;s food,379240,2015-10-20T16:45:25Z
UC4p_I9eiRewn2KoU-nawrDg,C2NEV6lW8xE,Queen Elizabeth&#39;s coffin lowered into vault ahead of private burial,317172,2022-09-19T17:24:48Z
UC4p_I9eiRewn2KoU-nawrDg,vZfgHNVvwxs,A Nurse and her Lover: The Anatomy of a Scam | CloseUp,311685,2022-05-15T10:00:48Z
UC4p_I9eiRewn2KoU-nawrDg,0WdUHhXVQjY,S&#39;pore&#39;s Covid-19 precautions might be insufficient: Lawrence Wong | ST NEWS NIGHT,302737,2021-05-18T13:14:18Z
UC4p_I9eiRewn2KoU-nawrDg,EwudxhOix3U,"Tallest fish farm in Singapore to produce 2,700 tonnes of fish a year by 2023",292753,2021-02-22T05:03:23Z
UC4p_I9eiRewn2KoU-nawrDg,uoWN0Y-iE90,Sec 4 student arrested for alleged killing in River Valley High School | THE BIG STORY,285479,2021-07-19T11:04:56Z
UC4p_I9eiRewn2KoU-nawrDg,gi8LwqgYA8s,Guardians of Woodlands Checkpoint | Singapore Works | The Straits Times,280304,2018-10-31T20:00:35Z
UC4p_I9eiRewn2KoU-nawrDg,9HWTMSaAv6w,A tough nun to crack: Catholic nun is Singapore&#39;s first taekwondo world champion,278976,2022-05-23T07:59:51Z
UC4p_I9eiRewn2KoU-nawrDg,m3kbKNENfvU,90m-tall SCDF &#39;high&#39; tech help to put out high-rise fires in Singapore,274704,2022-11-17T12:29:53Z
UC4p_I9eiRewn2KoU-nawrDg,GUIdyu7-83M,ST&#39;s senior transport correspondent on what could have led to Tanjong Pagar crash | THE BIG STORY,236781,2021-02-15T09:56:04Z
UC4p_I9eiRewn2KoU-nawrDg,89VQ5uYc_nE,Face mask 101: How to wear your mask,227338,2020-02-03T07:21:04Z
UC4p_I9eiRewn2KoU-nawrDg,XWWQEwFeP0I,Eight questions with Win Metawin,225592,2023-02-24T10:49:53Z
UC4p_I9eiRewn2KoU-nawrDg,YOemoqXw29A,"TwoSet Violin on Blackpink, haters and friendship | Lunch with Sumiko",224351,2022-12-05T12:00:17Z
UC4p_I9eiRewn2KoU-nawrDg,7yyJ5QDH2mk,SingaporeтАЩs mysterious тАШdrain walkersтАЩ | THE BIG STORY | The Straits Times,221169,2020-01-28T10:41:19Z
UC4p_I9eiRewn2KoU-nawrDg,L5iSa3GjHRg,The horror! Phobias from A to Z,218041,2022-10-29T14:03:12Z
UC4p_I9eiRewn2KoU-nawrDg,UCm-ZLzOCF0,Homemade Soya Milk recipe | Hed Chef | The Straits Times,219030,2020-05-14T07:48:42Z
UC4p_I9eiRewn2KoU-nawrDg,UyaTP649Olk,"[LIVE] PM Lee, task force on Singapore&#39;s Covid-19 plans | Full speech and press con | May 31, 2021",216839,2021-05-31T09:36:18Z
UC4p_I9eiRewn2KoU-nawrDg,2hMXx15x-8c,Woman who tried to save boyfriend in Tanjong Pagar crash out of ICU and conscious | THE BIG STORY,214108,2021-02-23T09:59:15Z
UC4p_I9eiRewn2KoU-nawrDg,fjF6Z-nwRvE,LIVE: Trump-Kim summit,210074,2018-06-12T01:36:46Z
UC4p_I9eiRewn2KoU-nawrDg,oRO_1vBhVrw,Worker from Bangladesh serves up a taste of homemade briyani | Singapore Sonnets EP4,209383,2021-04-14T03:51:33Z
UC4p_I9eiRewn2KoU-nawrDg,Xu7f23VsaCs,Godfrey Gao death: updates | THE BIG STORY | The Straits Times,204019,2019-11-28T10:12:00Z
UC4p_I9eiRewn2KoU-nawrDg,M0HAmxjFh8I,Lucky Plaza accident victimsтАЩ wake | THE BIG STORY | The Straits Times,190919,2020-01-02T10:11:56Z
UC4p_I9eiRewn2KoU-nawrDg,iUZccK5FS_w,Living in a 2-room flexi flat,184637,2021-02-27T12:00:30Z
UC4p_I9eiRewn2KoU-nawrDg,WVbX6LwTJ6s,30 new Covid-19 cases; Woman who refused to wear mask at MBS arrested | THE BIG STORY,173257,2021-05-25T09:52:41Z
UC4p_I9eiRewn2KoU-nawrDg,uQLnMRjHS48,Another South Korean star dead in latest K-pop tragedy,168736,2019-12-04T11:31:46Z
UC4p_I9eiRewn2KoU-nawrDg,4BRIuTUhTDg,"Jamus Lim says WP&#39;s Sengkang team will be just as good as PAP&#39;s, if not better | GE2020 TODAY",167207,2020-07-07T14:32:27Z
UC4p_I9eiRewn2KoU-nawrDg,GswU6XKfHx8,Man speaks out after racist encounter on Orchard Road | ST NEWS NIGHT,156058,2021-06-07T13:31:40Z
UC4p_I9eiRewn2KoU-nawrDg,uEYsOQ66xqU,Watch Loh Kean Yew take on Viktor Axelsen in a different kind of rally | Badminton Bromance Part 2,151613,2022-07-14T12:00:37Z
UC4p_I9eiRewn2KoU-nawrDg,06reSv4Z09g,Will dining in be off the table from June 21 amid a spike in cases? | ST NEWS NIGHT,148673,2021-06-16T13:20:47Z
UC4p_I9eiRewn2KoU-nawrDg,b3w8gu9S3lo,Coronavirus: The next three months | THE BIG STORY,145670,2020-03-09T10:38:28Z
UC4p_I9eiRewn2KoU-nawrDg,xCvGUa9OtyM,Residents flee Kyiv as Russia launches attack on Ukraine | THE BIG STORY,145569,2022-02-24T09:53:05Z
UC4p_I9eiRewn2KoU-nawrDg,02uJkfYKm1M,Trump-Kim summit: Who had the upper hand(shake)?,144363,2018-06-12T16:10:02Z
UC4p_I9eiRewn2KoU-nawrDg,_a8jPY7ZImk,Tan Tock Seng Hospital cluster: A timeline,142549,2021-05-01T06:00:05Z
UC4p_I9eiRewn2KoU-nawrDg,pXu1h9Vc544,Covid-19: No dining in from July 22 to Aug 18 as Singapore returns to phase 2 (heightened alert),142346,2021-07-20T07:53:54Z
UC0GP1HDhGZTLih7B89z_cTg,q4Lftwq98DY,"Chaos at Donald Trump rally, assassination attempt caught on video",1025966,2024-07-14T04:40:47Z
UC0GP1HDhGZTLih7B89z_cTg,CxUwAB0v3Iw,What is a Good Class Bungalow?,123303,2017-06-15T05:19:54Z
UC0GP1HDhGZTLih7B89z_cTg,dryF1hpGK4A,Introducing the all-new Business Times News Tablet,101231,2020-09-15T03:38:35Z
UC0GP1HDhGZTLih7B89z_cTg,BDy6oLKA-BQ,Can Swee Heng BakeryтАЩs legacy continue to thrive? | The Business Behind,71242,2024-05-31T08:30:06Z
UC0GP1HDhGZTLih7B89z_cTg,uxCXUTA48KY,An unusual route in entrepreneurship: Witchcraft | Gen Hustle,67086,2022-07-14T09:00:30Z
UC0GP1HDhGZTLih7B89z_cTg,98eyHIxdwwo,BT celebrates 45 years!,50224,2021-10-12T09:00:06Z
UC0GP1HDhGZTLih7B89z_cTg,gNVMBw1AjlM,What caused the storm that brought Dubai to a standstill?,47757,2024-04-19T08:00:33Z
UC0GP1HDhGZTLih7B89z_cTg,ZYOyE5Fhb64,The reality of being an NFT Artist in Singapore | Gen Hustle,37466,2022-06-23T09:00:13Z
UC0GP1HDhGZTLih7B89z_cTg,e2zet8wUGq0,The true cost of living on a Instagram bakerтАЩs income | Gen Hustle,37325,2022-06-30T09:00:12Z
UC0GP1HDhGZTLih7B89z_cTg,Pfs_Mq2Ub4g,Tr╞░╞бng Mс╗╣ Lan: Property queen in 304-trillion-dong Vietnam fraud case,33676,2024-03-08T09:15:01Z
UC0GP1HDhGZTLih7B89z_cTg,JBn01e9iIqM,BT - Your Trusted Partner for Business Insights,30269,2021-11-02T00:30:07Z
UC0GP1HDhGZTLih7B89z_cTg,m7fi3Gdg6PM,BREAKING: Can Kamala Harris match up to Donald Trump?,28570,2024-07-22T05:15:01Z
UC0GP1HDhGZTLih7B89z_cTg,wMEBY1UAXfs,WhatтАЩs behind the rise of million-dollar discontinued HDB properties?,26326,2024-07-05T06:30:17Z
UC0GP1HDhGZTLih7B89z_cTg,UxcmklGk0OU,ST Electronics launches autonomous Unmanned Surface Vessel,25069,2017-06-28T05:04:06Z
UC0GP1HDhGZTLih7B89z_cTg,fR4QBnuYfHU,"BT45: Stefanie Yuen Thio, TSMP Law Corporation",24155,2021-09-30T09:00:16Z
UC0GP1HDhGZTLih7B89z_cTg,H3B1cyZDJtc,"BT45: Christopher Ong, DHL Express Singapore",19560,2021-10-07T09:00:05Z
UC0GP1HDhGZTLih7B89z_cTg,4B_CkGEoqYE,How to sustain a self-owned online business | Gen Hustle,18363,2022-07-21T09:00:05Z
UC0GP1HDhGZTLih7B89z_cTg,VfyEkXxTvWE,Building a career and life from scratch as an expat in Singapore | Gen Hustle,17745,2022-07-07T09:00:12Z
UC0GP1HDhGZTLih7B89z_cTg,Yiym0Ak3_tQ,Taylor Swift will boost SingaporeтАЩs economy by up to S$500 million,17541,2024-02-27T10:45:03Z
UC0GP1HDhGZTLih7B89z_cTg,0nIwZjfYoxo,"Tan Sri Dato&#39; Seri Dr Jeffrey Cheah, Sunway Group: CEO Conversations",17057,2017-07-26T07:57:57Z
UC0GP1HDhGZTLih7B89z_cTg,dwKEFARUpIs,Senior Minister Tharman Shanmugaratnam compares crypto with ostrich eggs | World Economic Forum 2023,14196,2023-01-19T09:00:31Z
UC0GP1HDhGZTLih7B89z_cTg,BdUHE0fG1AY,Seizing opportunities in a new economic landscape,12591,2021-02-17T04:58:20Z
UC0GP1HDhGZTLih7B89z_cTg,M9nyS2uB9nA,Singapore semiconductor sector may be hit by US export controls on China,9869,2022-10-27T09:00:16Z
UC0GP1HDhGZTLih7B89z_cTg,8HqdG6-BsZs,"SingaporeтАЩs economy under PM Lee Hsien Loong, and its future | Dr Felix Tan on the handover",8651,2024-05-11T01:00:08Z
UC0GP1HDhGZTLih7B89z_cTg,L1E0j8h3LFI,The true cost of electric vehicles in Singapore,7696,2021-06-18T09:00:09Z
UC0GP1HDhGZTLih7B89z_cTg,xT7Rk0Ur4c0,Why are China F&amp;Bs brands piling into Singapore?,6618,2024-07-26T08:30:30Z
UC0GP1HDhGZTLih7B89z_cTg,PJeyQHuCrG0,Could the KL-Singapore High Speed Rail be revived?,4784,2023-04-26T09:30:05Z
UC0GP1HDhGZTLih7B89z_cTg,l7ujHKB6Zrc,"[LIVE] Singapore Budget 2023 statement by DPM Lawrence Wong | Feb 14, 3.30pm",3940,2023-02-14T21:31:07Z
UC0GP1HDhGZTLih7B89z_cTg,QGeeSVYhPs8,Singapore nightspots cashing in on digital payments,3871,2017-08-29T11:43:09Z
UC0GP1HDhGZTLih7B89z_cTg,exjqbBgWVAA,Smart City Ep 6: Smart Security,3640,2018-11-14T03:58:31Z
UC0GP1HDhGZTLih7B89z_cTg,Ep54IAqRcUo,Russia-North Korea Summit: Geopolitical bet or diplomatic win? #shorts,3656,2024-06-24T08:00:09Z
UC0GP1HDhGZTLih7B89z_cTg,fKEUb3KxN5g,Smart City Ep 4: Smart Healthcare,3495,2018-10-16T22:00:03Z
UC0GP1HDhGZTLih7B89z_cTg,vYTpYS02ris,"Agents gave kickbacks, bankers took cuts in S$3b money laundering case",3391,2024-06-14T10:00:55Z
UC0GP1HDhGZTLih7B89z_cTg,mbttXdwcVkI,Functional budget a much needed driver for transformation,3384,2021-02-17T04:44:58Z
UC0GP1HDhGZTLih7B89z_cTg,oejJ78BNZhY,BT Future of Finance : Transaction banking and trade finance  (Ep 1),3314,2022-11-10T10:44:25Z
UC0GP1HDhGZTLih7B89z_cTg,eubcjWgETnw,Up close and personal with Penfolds chief winemaker Peter Gago,3289,2017-06-15T04:08:24Z
UC0GP1HDhGZTLih7B89z_cTg,swzBsIufF8E,Can Anwar fix MalaysiaтАЩs economy?,3185,2022-12-06T09:00:36Z
UC0GP1HDhGZTLih7B89z_cTg,EBUu25Xj1GM,My SME Story Ep 2: Big Tiny,3089,2019-02-12T04:18:29Z
UC0GP1HDhGZTLih7B89z_cTg,v9CSewJmut0,"Ching Chiat Kwong, Oxley Holdings Ltd: CEO Conversations",2810,2017-07-26T07:57:59Z
UC0GP1HDhGZTLih7B89z_cTg,G43BmC92Xn0,Nirmal Sethia talks about the business of tea,2781,2017-07-10T05:36:31Z
UC0GP1HDhGZTLih7B89z_cTg,jfZn1tSwYvA,How the Wagner mutiny exposed risks for China,2764,2023-06-28T10:00:28Z
UC0GP1HDhGZTLih7B89z_cTg,LOny2IQKENc,"BT45: Koh Ching Ching, OCBC Bank",2757,2021-10-14T09:00:10Z
UC0GP1HDhGZTLih7B89z_cTg,tW1cYEHHrFo,"Top priorities for SingaporeтАЩs next prime minister, Lawrence Wong?",2620,2024-04-17T08:30:16Z
UC0GP1HDhGZTLih7B89z_cTg,jwTju8Ql4Lg,Global recession in 2023? | Investigating Inflation,2589,2022-11-30T09:00:22Z
UC0GP1HDhGZTLih7B89z_cTg,ZhH704l6eF8,"Gautam Adani, third richest person in the world",2319,2022-09-02T09:00:15Z
UC0GP1HDhGZTLih7B89z_cTg,u8AGy_l19_Y,"The Love, Bonito Story: From blogshop to global brand for Asian women | The Pitch by Garage",2299,2022-08-25T09:00:34Z
UC0GP1HDhGZTLih7B89z_cTg,81B-rJ-XGo0,"Kamala Harris: Taking on predators, fighting fraud and facing Donald Trump",2409,2024-07-23T04:18:08Z
UC0GP1HDhGZTLih7B89z_cTg,BSYlTcaG0oI,"BT45: Toby Koh, Ademco Security Group",2229,2021-10-21T09:00:09Z
UC0GP1HDhGZTLih7B89z_cTg,iJy0_dkH1Z0,(2022) Sats: From Singapore Airlines inflight caterer to global air cargo handler,2238,2022-10-08T03:00:19Z
UC0GP1HDhGZTLih7B89z_cTg,__mn58BU_ew,Green Bonds and Sustainability-linked Bonds. WhatтАЩs the Difference?,2059,2021-07-23T09:00:30Z
UCrbQxu0YkoVWu2dw5b1MzNg,idKGwEk2TGM,цПнчзШч╝ЕхМЧшпИщкЧчОЛхЫ╜шГМхРОчЪДтАЬхЫЫхдзхо╢цЧПтАЭ,676581,2023-11-25T01:00:29Z
UCrbQxu0YkoVWu2dw5b1MzNg,FgHhMiCkEE4,цЯмхЯФхпишпИщкЧтАЬф╣РхЫнтАЭше┐ц╕пхПЧщкЧх╜УшпИщкЧшАЕхжВф╜ХщАГшД▒я╝Я,414260,2022-06-19T03:00:05Z
UCrbQxu0YkoVWu2dw5b1MzNg,xPO2xbGCaeo,цЭОцШ╛щ╛ЩцА╗чРЖш░Иф╕нч╛ОхЕ│ч│╗ф╕ОхП░ц╡╖х▒АхК┐,410698,2021-11-19T15:20:32Z
UCrbQxu0YkoVWu2dw5b1MzNg,gqqHc9nwSno,[ENG SUB] ш╖│цЭ┐ш┐ШцШпх╜Тхо┐я╝МцЭецЦ░хКахЭбцЙУх╖ечЪДщймхЫ╜ф║║цАОф╣ИцГ│я╝ЯDo Malaysians working in Singapore consider it home? | хПМхг░щБУ,403237,2024-04-16T10:15:05Z
UCrbQxu0YkoVWu2dw5b1MzNg,kl6TVC5vul4,ш╡░ш┐ЫчМлх▒▒чОЛцж┤цв┐ф╣Лф╣б,386240,2018-01-18T12:44:05Z
UCrbQxu0YkoVWu2dw5b1MzNg,dYfyI5goGFg,Park Min-young тАЬThis or ThatтАЭ Challenge! цЬ┤цХПшЛ▒тАЬцМСцИШф║МщАЙф╕АтАЭя╝Б,364360,2019-12-04T04:52:02Z
UCrbQxu0YkoVWu2dw5b1MzNg,kX3AGlx44so,ф╕Кшп╛ф║Ж ф╜ЖшАБх╕Ищ╗Шщ╗ШцЧахг░,357676,2022-09-04T02:00:09Z
UCrbQxu0YkoVWu2dw5b1MzNg,Gkh97sQhnWo,цЭОцШ╛щ╛ЩцА╗чРЖф╕ОхПНхп╣хЕЪщвЖшвЦцпХф╕╣цШЯх░▒ф╕Йхдзшп╛щвШхФЗцЮкшИМхЙС,343973,2020-09-03T00:15:04Z
UCrbQxu0YkoVWu2dw5b1MzNg,JnKbjmZ5aH8,уАРщймхЫ╜хдзщАЙуАСцЙУцЙкчВ╣чЗГщЬ╣щЫ│чБл  хоЙхНОщжЦчЫ╕цвжшГ╜хЬЖхРЧ,329624,2022-11-15T10:04:10Z
UCrbQxu0YkoVWu2dw5b1MzNg,QIa4y225sks,[ENG SUB] щЗСцнгцБйш▒кш╜жшГМхРО  щВгф║Ыф╕НшГ╜шп┤чЪДчзШхпЖ The Secrets behind Kim Jong Un&#39;s Luxury Cars | ф╕ЦчХМхдзшзгшп┤,285263,2024-07-11T11:00:55Z
UCrbQxu0YkoVWu2dw5b1MzNg,ICnA4vRbHI8,уАРш╛╣хЯОуАСчммф╕ЙщЫЖя╝Ъш╢КхНЧхе│щЭТцШецЧачХПщЧпф╕ЬхЕ┤,269412,2018-10-15T12:00:03Z
UCrbQxu0YkoVWu2dw5b1MzNg,ypR3GS1sB74,уАРчЛмхо╢шо┐щЧо/ExclusiveуАСх╜нх╕ЕчО░ш║лф╕Кц╡╖ хПЧшо┐хРжшодщБнцАзф╛╡ | Peng Shuai Denied She was Sexually Assaulted.,264851,2021-12-20T05:00:23Z
UCrbQxu0YkoVWu2dw5b1MzNg,nCB9rrVChqg,уАРф╕ЦчХМхдзшзгшп┤уАСцЙзцФ┐чЩ╛цЧе  хоЙхНОтАЬчГИчБлтАЭцШпчЖДцШпцЧ║я╝ЯAnwarтАЩs first 100 days in office: turning reformasi into reality?,254932,2023-03-09T07:24:20Z
UCrbQxu0YkoVWu2dw5b1MzNg,k_UlKaxnEWY,ш╡░ш┐ЫцЦ░хКахЭбхФпф╕АчЪДхе│хнРчЫСчЛ▒,239406,2019-03-17T07:00:02Z
UCrbQxu0YkoVWu2dw5b1MzNg,UZlSE4h4UvQ,цИСхо╢ф╕дф╕кшЗкщЧнхД┐,222486,2023-04-01T05:00:12Z
UCrbQxu0YkoVWu2dw5b1MzNg,wqnQT-EEWTU,щймхЫ╜хдзщАЙ2022хогф╝ашзЖщвС,212228,2022-11-04T04:14:34Z
UCrbQxu0YkoVWu2dw5b1MzNg,IMVWJ6Xi1oA,уАРчЫ┤цТнуАСчГнчВ╣шпДшо║я╝ЪщймцЭеше┐ф║ЪхдзщАЙ2018цИРч╗йхЗ║чВЙ х╕МчЫЯхПШхдйцИРхКЯ щжЦчЫ╕ш░БцЭех╜Уя╝Я,204306,2018-05-10T09:55:48Z
UCrbQxu0YkoVWu2dw5b1MzNg,_po22dglMpM,цЛ╖щЧоцКвшпЭх▒ВхЗ║ф╕Нчй╖  TikTokцА╗шгБхСихПЧш╡ДхРмшпБф╝ЪчБлшНпхС│хНБш╢│,203046,2023-03-24T12:11:04Z
UCrbQxu0YkoVWu2dw5b1MzNg,v7oMNI9eatI,78х▓БшЙ║ф║║щГСф╜йф╜йчж╗ф╕Ц хД┐хе│чЕзцпНцДПцД┐х░ЖщБЧф╜УцНРф╜ЬчаФчй╢ #zaobaosg #entertainmentnews #shorts,192677,2024-07-19T08:57:35Z
UCrbQxu0YkoVWu2dw5b1MzNg,bYsup_utvr8,"хП░ц╣╛щААф╝СцЭСтАФтАФф║║чФЯчммф╕ЙцШе | Taiwan Retirement Village, The Third Spring of Life",173780,2023-03-16T10:30:19Z
UCrbQxu0YkoVWu2dw5b1MzNg,bjUVB-e2hqY,чд╛хкТцОихКиф╕Л  цЦ░хКахЭбх╣┤ш╜╗ф║║цЦ░щгОц╜оя╝ЪхИ░ф╕нхЫ╜цЧЕц╕╕я╝Б,166097,2024-07-25T10:00:41Z
UCrbQxu0YkoVWu2dw5b1MzNg,LgVrihf7lyw,хКкщ▓Бф╛ЭшООя╝Ъч╗зцЙ┐шАЕцИЦщЭйцЦ░шАЕя╝Я,161625,2022-11-15T02:00:05Z
UCrbQxu0YkoVWu2dw5b1MzNg,HPo7zZtREGk,цЦ░хКахЭбшЙ║ф║║цо╡ф╝ЯцШОхЕешбМхЕихЫаф╕АцмбцЙУш╡М ф╗ЦчГнчИ▒ц╝ФцИПхРЧя╝ЯHe&#39;s the boatman in WestworldтАШs Season 3 Premiere: S&#39;pore actor Duan Weiming,148178,2021-09-18T12:30:10Z
UCrbQxu0YkoVWu2dw5b1MzNg,89ANTtCEPi4,уАРцЧйхЯОх╕ВуАСчК╣хдкщЪ╛ц░СхРОшгФ хЬиф╕Кц╡╖чЪДф╝ахеЗф║║чФЯ | A Descendant of Jewish Refugees and Her Extraordinary Life in Shanghai,145360,2022-02-07T02:00:43Z
UCrbQxu0YkoVWu2dw5b1MzNg,gLki-jtgx2M,щЯйхЫ╜чСЬч╗УцЭЯцЦ░хКахЭбшо┐щЧошбМчиЛ,139893,2019-02-28T07:01:22Z
UCrbQxu0YkoVWu2dw5b1MzNg,MOBfZDrr6sM,PONYх╜йхжЖцХЩхнжя╝ЪхдЬх║Чц┤╛хп╣хжЖ  PONY Singapore Makeup Tutorial: Clubbing Look,139189,2016-05-20T05:59:39Z
UCrbQxu0YkoVWu2dw5b1MzNg,i-8iq2JUFB4,цФ┐х║ЬцОихЗ║хЕ▒хРМхЙНш┐ЫщЕНхеЧ ф╜ачЪДщТ▒хдЯщААф╝СхЕ╗шАБхРЧя╝Я,140147,2023-09-05T07:08:23Z
UCrbQxu0YkoVWu2dw5b1MzNg,gqQEyLSFLJY,цЦ░хКахЭбцА╗чРЖцЭОцШ╛щ╛Щя╝ЪхЫачЦлцГЕцОТхНО цДЪцШзф╕Фф╕НхРИщА╗ш╛С,138219,2020-02-01T15:33:01Z
UCrbQxu0YkoVWu2dw5b1MzNg,6iFaZqc-m_Q,[ENG SUB] хД┐хнРцОечобцЯмхЯФхпихЖЫцФ┐ ц┤кцгощАах░▒хо╢цЧПчОЛцЬЭ How a Khmer Rouge Soldier created Cambodia&#39;s Political Dynasty | ф╕ЦчХМхдзшзгшп┤,139954,2024-06-13T10:30:08Z
UCrbQxu0YkoVWu2dw5b1MzNg,bEFcDIpj-C0,ф╕нхЫ╜хдЦщХ┐чОЛцпЕшо┐цЦ░,134598,2021-09-14T10:09:30Z
UCrbQxu0YkoVWu2dw5b1MzNg,gETE6HQjaYM,щ╗Дф╣ЛщФЛя╝ЪцИСф╕Нф╕╗х╝атАЬц╕пчЛмтАЭ,134418,2019-10-08T04:00:06Z
UCrbQxu0YkoVWu2dw5b1MzNg,xIE6UPsZ3zQ,чЩ╛х▓БшАБх░ЖцЦЧх┐ЧцШВцЙмя╝Мц╡оч╜Чф║дцАбш┐Шф╝ЪхЦЬш┐ОцХжщймхРЧя╝Я,134206,2022-11-08T04:03:38Z
UCrbQxu0YkoVWu2dw5b1MzNg,Z2PE9gk9n2E,цИ┐чзЯц╢иц╢иц╢и цИ┐ховцАОф╣ИчЬЛ,134242,2023-05-24T11:39:15Z
UCrbQxu0YkoVWu2dw5b1MzNg,mnMtrp1aCU4,уАКх░БщЭвф║║чЙйуАЛчмм2щЫЖ щЩИх╗║х╜мя╝ЪшАБчЙЫш╛ЫшЛжхдзхНКш╛ИхнР ф╕║ф╜Хф╕НшГ╜хРГхлйшНЙя╝Я The Newsmaker Ep 2: Marcus Chin defends his views on love,128577,2019-03-28T12:00:05Z
UCrbQxu0YkoVWu2dw5b1MzNg,I5YTMeMd6cU,ф╕нхЕ▒ф║МхНБхдзчВ╣х░Ж  ф╕дф╜НтАЬ60хРОтАЭхдЗхПЧхЕ│ц│и,127304,2022-10-22T01:00:04Z
UCrbQxu0YkoVWu2dw5b1MzNg,Yv-SOlgxU6M,чЙйф╗╖ф╕Кц╢и  цЦ░хКахЭбц░Сф╝ЧцАОф╣Ишп┤я╝Я,125827,2022-06-01T08:04:51Z
UCrbQxu0YkoVWu2dw5b1MzNg,n2uoLmH2P34,цЦ░шИкSQ321  щБЗф╕Кч╜ХшзБц░ФщШ▒я╝Я,124771,2024-05-22T08:59:12Z
UCrbQxu0YkoVWu2dw5b1MzNg,KbykHNlq8uo,[ENG SUB] цЦ░хКахЭбчЛмх▒ЕшАБф║║ хжВф╜Хф╕НхндчЛмя╝ЯLiving Alone in Singapore: How Seniors Combat Loneliness,123578,2024-07-24T10:30:13Z
UCrbQxu0YkoVWu2dw5b1MzNg,2xc7IUWANPc,ф║Фф╗╢цИСшжБхСКшпЙф╜ачЪДф║Ля╝ЪцпХф╕╣цШЯ Pritam Singh,114154,2020-07-08T10:00:31Z
UCrbQxu0YkoVWu2dw5b1MzNg,bahMPWwNKzo,&quot;Why China Will Be a Very Different Kind of Great Power&quot;,113821,2015-02-24T06:26:12Z
UCrbQxu0YkoVWu2dw5b1MzNg,v7ydGQ_NiHQ,ф╕Кц╡╖х╕Вф╕нх┐Гф╣Мщ▓БцЬищ╜Рф╕нш╖пцШЯцЬЯхдйф╕ЛхНИх╝АхзЛх░Бш╖п,112024,2022-11-27T10:11:34Z
UCrbQxu0YkoVWu2dw5b1MzNg,2uhsj4NL1bo,хЙпцА╗чРЖшп┤ф║Жф╗Аф╣Ия╝Мшойхдзхо╢х┐Нф╕Нф╜ПцЛНцЙЛя╝Я,110667,2023-02-15T05:47:43Z
UCrbQxu0YkoVWu2dw5b1MzNg,rZxewE7VM4A,хоЙхНО40х╣┤щжЦчЫ╕щвач░╕ш╖п,110779,2022-11-25T02:27:35Z
UCrbQxu0YkoVWu2dw5b1MzNg,VjdqvfC6OI8,цЦ░чЦЖф╣Мщ▓БцЬищ╜РчБлчБ╛,110337,2022-11-26T08:58:50Z
UCrbQxu0YkoVWu2dw5b1MzNg,zLeZqleGq6Q,уАРф╕ЦчХМхдзшзгшп┤уАСф╕нхЕ▒ф║МхНБхдзчЬЛф╗Аф╣И  The Chinese Communist Party 20th National Congress explained | The World Explained,106285,2022-10-07T04:11:45Z
UCrbQxu0YkoVWu2dw5b1MzNg,GbqCI-Mt_gQ,Ah Boyх║ЖхЖмшЗ│я╝ЪхРГц▒дхЬЖф║║хЫвхЬЖя╝Б,101078,2018-07-24T07:00:04Z
UCrbQxu0YkoVWu2dw5b1MzNg,Zhd3vA-qsuQ,хЖ▓хЗ╗хКЫх╝║хИ░шГ╜цЙУча┤ше┐чУЬя╝Яч╛╜чРГх░▒цШпш┐Щф╣Их┐ля╝Б,98861,2021-01-18T01:00:03Z
UCrbQxu0YkoVWu2dw5b1MzNg,2uaO2NaCuZg,#щймхЫ╜хдзщАЙуАРчГнчВ╣шпДшо║уАСщАЙцИШх░ШхЯГшР╜хоЪ  ш░Бф╕╗х╕ГхЯО,96771,2022-11-19T15:31:25Z
UCrbQxu0YkoVWu2dw5b1MzNg,1bFTCX_upjQ,ф║Сщб╢хЬЯх┤йщБЗщЪ╛шАЕхвЮшЗ│24ф║║  хЬЯх┤йцИЦхЖНхПСчФЯ,95812,2022-12-17T14:37:58Z
UCrbQxu0YkoVWu2dw5b1MzNg,bF4Ssq6pk_I,[ENG SUB] цШ╛щ╛Щ20я╝ЪщЭЮф╕АшИмчЪДцФ┐ц▓╗цЧЕчиЛ 20 Years with PM Lee: An Exceptional Journey,92844,2024-05-06T12:44:46Z
UCs0xZ60FSNxFxHPVFFsXNTA,LnO3GWf58-4,"A Day in a Foreign Worker Dormitary, Singapore on 01/05/2016",442198,2016-04-30T09:34:45Z
UCs0xZ60FSNxFxHPVFFsXNTA,_LP7nmNuE9M,родрооро┐ро┤рпН роорпБро░роЪрпБ - 85,298698,2020-07-01T09:29:07Z
UCs0xZ60FSNxFxHPVFFsXNTA,7ui5Hc6iStI,tamilmurasu.com.sg Video (родрооро┐ро┤рпН),222659,2019-10-24T10:57:41Z
UCs0xZ60FSNxFxHPVFFsXNTA,fCV5f88oFAA,&#39;Pongalo pongal&#39; song release in Singapore X Tamil Murasu interview,92934,2019-12-16T08:41:08Z
UCs0xZ60FSNxFxHPVFFsXNTA,LbkskX8PqUE,tamilmurasu.com.sg Video (English),85820,2019-10-24T10:43:59Z
UCs0xZ60FSNxFxHPVFFsXNTA,ytajGQd5oRI,роЪро┐роЩрпНроХрокрпНрокрпВро░ро┐ро▓рпН роЗроЪрпИроЮро╛ройро┐ роЗро│рпИропро░ро╛роЬро╛,55176,2018-08-18T01:58:57Z
UCs0xZ60FSNxFxHPVFFsXNTA,M_UjwvD2Pp8,Changing face of provision shops,20317,2017-02-04T14:43:50Z
UCs0xZ60FSNxFxHPVFFsXNTA,vMU1mOuy7DU,Bahrakath Mutton Soup,15633,2017-01-06T06:58:17Z
UCs0xZ60FSNxFxHPVFFsXNTA,J63xcGrZjNo,SIIMA rehearsal: Aishwarya Rajesh,9683,2016-06-29T07:07:34Z
UCs0xZ60FSNxFxHPVFFsXNTA,6z-Oz9BPe8A,рокро┐ро░родрооро░рпН ро▓рпА роЪро┐ропройрпН ро▓рпВроЩрпНроХро┐ройрпН роХро╛рогрпКро│ро┐ роЙро░рпИропро┐ройрпН родрооро┐ро┤ро╛роХрпНроХроорпН.,6462,2020-04-11T08:43:27Z
UCs0xZ60FSNxFxHPVFFsXNTA,ZhN5OUDH_JQ,Yung Raja Interview - Part 1,3926,2019-10-21T15:55:53Z
UCs0xZ60FSNxFxHPVFFsXNTA,zfDIo7sffWU,Interview with South Indian actor Arya,3712,2018-07-24T03:47:03Z
UCs0xZ60FSNxFxHPVFFsXNTA,mvDKMY_2CDE,&#39;роЗроирпНродро┐ропройрпН 2&#39; роиро╛ропроХройрпБроХрпНроХрпБ роЪро┐роЩрпНроХрокрпНрокрпВро░рпН ро░роЪро┐роХро░рпНроХро│ро┐ройрпН роЖро░ро╡ро╛ро░ ро╡ро░ро╡рпЗро▒рпНрокрпБ,3390,2024-07-01T06:05:49Z
UCs0xZ60FSNxFxHPVFFsXNTA,YDrL8POdS0w,ро▓ро┐роЯрпНроЯро┐ро▓рпН роЗроирпНродро┐ропро╛ роХро▓ро╡ро░роорпН роХро▒рпНро▒рпБродрпН родроирпНрод рокро╛роЯроорпН. 10 роЖрогрпНроЯрпБ роХро┤ро┐родрпНродрпБроорпН роирпАроЩрпНроХро╛ роиро┐ройрпИро╡рпБроХро│рпН,2794,2023-12-08T07:31:31Z
UCs0xZ60FSNxFxHPVFFsXNTA,VUcJIqTrYqs,ро░роЪро┐роХро░рпНроХро│ро┐ройрпН рооройродрпНродрпИ роЙро░рпБроХрпНроХрпБроорпН тАШроороХро╛ро░ро╛роЬро╛тАЩ,2206,2024-06-16T03:22:11Z
UCs0xZ60FSNxFxHPVFFsXNTA,vPVNfRcbnlg,Suspect of The AMK Gold Shop Robbery,2016,2019-08-21T06:41:25Z
UCs0xZ60FSNxFxHPVFFsXNTA,v7qGPazUEqo,роЖро▓ропроЩрпНроХро│рпН роТройрпНро▒рпБроХрпВроЯро┐ роПро▒рпНро▒ро┐роп роЕройрпНройроХрпНроХрпКроЯро┐,1960,2024-07-17T14:01:19Z
UCs0xZ60FSNxFxHPVFFsXNTA,41GJleto8ZI,Interview with Bollywood Actress Sara Ali Khan,1910,2019-01-29T07:45:01Z
UCs0xZ60FSNxFxHPVFFsXNTA,I99QxqQv8QU,Yung Raja Interview - Part 2,1747,2019-10-21T16:02:49Z
UCs0xZ60FSNxFxHPVFFsXNTA,VYGsbgAe9gE,Three Singaporean Sisters Married Three Indian Brothers,1720,2019-01-22T10:55:32Z
UCs0xZ60FSNxFxHPVFFsXNTA,BxlIjsM-0xA,роЗроирпНродро┐ропродрпН родрпЗро░рпНродро▓рпН роорпБроЯро┐ро╡рпБроХро│рпБроорпН роЪро┐роЩрпНроХрокрпНрокрпВро░ро┐ро▓рпН роЕродройрпН родро╛роХрпНроХроорпБроорпН,1531,2024-06-06T12:29:48Z
UCs0xZ60FSNxFxHPVFFsXNTA,qpZzSZnGvhs,"роЖроЯрпНроЯроорпН роХрогрпНроЯ роОро╕рпНроХро┐ропрпВ321, рооро╛ро▒рпНро▒рпБ ро╡ро┐рооро╛ройродрпНродро┐ро▓рпН роЪро┐роЩрпНроХрокрпНрокрпВро░рпН ро╡роирпНродроЯрпИроирпНрод рокропрогро┐роХро│рпН",1270,2024-05-22T08:49:12Z
UCs0xZ60FSNxFxHPVFFsXNTA,LD-JbhKiMs4,роТро░рпБ роиро┐рооро┐роЯроЪрпН роЪрпЖропрпНродро┐ - роорпЛроЪроЯро┐роХро│рпБроХрпНроХрпБ роЗро▓роХрпНроХро╛роХрпБроорпН  роЗро│рпИропро░рпНроХро│рпН,1249,2023-03-27T02:19:47Z
UCs0xZ60FSNxFxHPVFFsXNTA,PJRTC2Igx5E,роХрпКро╡ро┐роЯрпН-19: рокро┐ро░родрооро░рпН роЙро░рпИ (21/04/20) (родрооро┐ро┤ро╛роХрпНроХроорпН),1233,2020-04-23T12:52:15Z
UCs0xZ60FSNxFxHPVFFsXNTA,DNwRFlR18fQ,100 saris for the record,1223,2018-09-12T09:57:40Z
UCs0xZ60FSNxFxHPVFFsXNTA,1qG1Yn-S4hM,родрпЖройрпНроЪрпЖройрпНройрпИроХрпН роХро│ роиро┐ро▓ро╡ро░роорпН,1145,2024-04-10T13:27:38Z
UCs0xZ60FSNxFxHPVFFsXNTA,1A-5_p8dU6Q,"роХрпЛропроорпНрокрпБродрпНродрпВро░рпН, ро╡ро┐ро░рпБродрпБроироХро░ро┐ро▓ро┐ро░рпБроирпНродрпБ родрооро┐ро┤рпН роорпБро░роЪрпБ роЪро┐ро▒рокрпНрокрпБ роирпЗро░рпНроХро╛рогро▓рпНроХро│рпН",909,2024-04-14T14:51:22Z
UCs0xZ60FSNxFxHPVFFsXNTA,ZKhNY0lB_9k,рокрпБродро┐роп рокро░ро┐рооро╛рогроЩрпНроХро│ро┐ро▓рпН роЙропро┐ро░рпНродрпНродрпЖро┤рпБроорпН рокро░родроорпН,908,2024-06-28T12:44:41Z
UCs0xZ60FSNxFxHPVFFsXNTA,4lfgf40kwrg,LEO Dormitory handling COVID-19,886,2020-03-29T05:53:18Z
UCs0xZ60FSNxFxHPVFFsXNTA,Zjl837HdZDE,Marriage of 70 year old Velappan and 71 year old Mdm Savithri,811,2019-04-13T18:35:51Z
UCs0xZ60FSNxFxHPVFFsXNTA,f5kJ9k8Cins,ро╡рпЖро▒ро┐роЪрпНроЪрпЛроЯро┐рокрпН рокрпЛройродрпБ ро▓ро┐роЯрпНроЯро┐ро▓рпН роЗроирпНродро┐ропро╛,738,2020-04-07T11:20:13Z
UCs0xZ60FSNxFxHPVFFsXNTA,hmDeINMM_OQ,роЗроирпНродро┐ропродрпН родрпЗро░рпНродро▓рпН роорпБроЯро┐ро╡рпБроХро│рпБроорпН роЪро┐роЩрпНроХрокрпНрокрпВро░ро┐ро▓рпН роЕродройрпН родро╛роХрпНроХроорпБроорпН,700,2024-06-06T12:22:14Z
UCs0xZ60FSNxFxHPVFFsXNTA,LcryZe8RXck,роЪро┐роЩрпНроХрокрпНрокрпВро░рпН роЪро╛родройрпИрокрпН рокрпБродрпНродроХродрпНродро┐ро▓рпН роЖройроирпНрод рокро╡ройрпН роЙрогро╡роХроорпН,671,2024-07-28T06:22:25Z
UCs0xZ60FSNxFxHPVFFsXNTA,es4W-MacE5Q,роЪро┐роЩрпНроХрокрпНрокрпВро░рпБроХрпНроХро╛рой роЗроирпНродро┐ропродрпН родрпВродро░ро╛роХ родро┐ро░рпБ рокрпЖро░ро┐ропроЪро╛рооро┐ роХрпБрооро░ройрпН - роТро░рпБ роирпЗро░рпНроХро╛рогро▓рпН рокро╛роХроорпН 1.,630,2021-01-10T02:30:17Z
UCs0xZ60FSNxFxHPVFFsXNTA,hRYcS5UjAPM,роиро▓рпНро▓ро╛роЪро┐ро░ро┐ропро░рпН ро╡ро┐ро░рпБродрпБ 2018,620,2018-08-30T03:48:08Z
UCs0xZ60FSNxFxHPVFFsXNTA,VCR8fikHuTA,"роЬрпВро▓рпИ 17 2024, роЗройрпНро▒рпИроп роРроирпНродрпБ роорпБроХрпНроХро┐роп роЪрпЖропрпНродро┐роХро│рпН",618,2024-07-17T11:31:58Z
UCs0xZ60FSNxFxHPVFFsXNTA,kprrkYMWYoU,"рокро┐ройро╛роЩрпНроХрпБ родрогрпНрогрпАро░рпНрооро▓рпИропро┐ро▓рпН родрпИрокрпНрокрпВроЪроорпН, роХрпКрогрпНроЯро╛роЯрпНроЯродрпНродро┐ро▓рпН роЗрогрпИроирпНрод роЪро┐роЩрпНроХрокрпНрокрпВро░ро░рпНроХро│рпН",589,2024-01-27T09:25:13Z
UCs0xZ60FSNxFxHPVFFsXNTA,SzYMK_BMUzc,Masterchef Australia Season 10 Winner Returned to Singapore,566,2018-12-10T03:12:03Z
UCs0xZ60FSNxFxHPVFFsXNTA,Ux1gkoWqOu8,родрпИрокрпНрокрпВроЪроорпН 2024: роХро╛роЯрпНроЪро┐роХро│рпБроорпН роирпЗро░рпНроХро╛рогро▓рпНроХро│рпБроорпН.,521,2024-01-25T15:12:11Z
UCs0xZ60FSNxFxHPVFFsXNTA,NK6euu1shC8,Repatriating 50 &#39;illegal immigrants&#39; (The Indian Star Tortoises),504,2018-11-02T11:38:13Z
UCs0xZ60FSNxFxHPVFFsXNTA,ysn9UKYwJyc,роХро▓ро╛роЪро╛ро░роорпБроорпН роиро╛роорпБроорпН: ро╡ро╛роЪро▓рпИ роЕро▓роЩрпНроХро░ро┐роХрпНроХрпБроорпН ро╡рогрпНрогроХрпН роХрпЛро▓роЩрпНроХро│рпН,504,2023-11-11T07:20:15Z
UCs0xZ60FSNxFxHPVFFsXNTA,QVUgEEmmB2k,рокро┐ро░рокро▓ рокро╛роЯроХро░рпН роЪро┐родрпН ро╕рпНро░рпАро░ро╛роорпН роЪро┐роЩрпНроХрокрпНрокрпВро░рпБроХрпНроХрпБ ро╡роирпНродрпБро╡ро┐роЯрпНроЯро╛ро░рпН!,505,2024-07-12T09:41:31Z
UCs0xZ60FSNxFxHPVFFsXNTA,eHTxk8V2pKU,Tamil Murasu app launch,495,2023-10-29T15:18:40Z
UCs0xZ60FSNxFxHPVFFsXNTA,i48xNojhZSI,родрооро┐ро┤рпН роорпБро░роЪрпБ роЪрпЖропро▓ро┐ роЕро▒ро┐роорпБроХроорпН,502,2023-10-29T09:34:15Z
UCs0xZ60FSNxFxHPVFFsXNTA,k1gyVyvoytE,ро╡рпЖро│ро┐роиро╛роЯрпНроЯрпБ роКро┤ро┐ропро░рпНроХро│рпБроХрпНроХрпБ роХрпЛро░ро┐роХрпНроХрпИ ро╡рпИроХрпНроХрпБроорпН роЙро│рпНро│рпВро░рпН рокро┐ро░рокро▓роорпН ро╡роЯро┐ро╡ро┤роХройрпН,478,2020-04-10T11:10:14Z
UCs0xZ60FSNxFxHPVFFsXNTA,BbgIWo_tp9s,роЕродро┐рокро░рпН родрпЗро░рпНродро▓ро┐ро▓ро┐ро░рпБроирпНродрпБ ро╡ро┐ро▓роХро┐ройро╛ро░рпН рокрпИроЯройрпН,474,2024-07-22T12:15:39Z
UCs0xZ60FSNxFxHPVFFsXNTA,EW7wDj3OO88,Gen Z роЕро▓рокрпНрокро▒рпИроХро│рпН,480,2024-06-15T02:20:38Z
UCs0xZ60FSNxFxHPVFFsXNTA,n_isUOfw514,рокрпБродрпНродрпБрогро░рпНроЪрпНроЪро┐ропрпБроЯройрпН роЖро▓ропроорпН родро┐ро░рпБроорпНрокрпБроорпН рокроХрпНродро░рпНроХро│рпН,466,2020-06-28T11:00:19Z
UCs0xZ60FSNxFxHPVFFsXNTA,93FoXW4MfL0,Pongal Greetings - Anirudh,466,2017-01-14T08:02:35Z
UCs0xZ60FSNxFxHPVFFsXNTA,yYMYPMF2lP0,Gen Z роЕро▓рокрпНрокро▒рпИроХро│рпН - рокро╛роХроорпН1,460,2024-04-06T09:15:29Z
UC_WgSFSkn7112rmJQcHSUIQ,Hjm6jm546s8,12 SOALAN BERSAMA BH: Irfan Fandi,311471,2017-05-05T12:52:17Z
UC_WgSFSkn7112rmJQcHSUIQ,#NAME?,Nasi Lemak paling top di Singapura,143660,2014-01-03T06:21:20Z
UC_WgSFSkn7112rmJQcHSUIQ,r9015DeFyFc,Berita Harian Anugerah Jauhari 2022 - Video 1,83770,2022-09-22T08:46:36Z
UC_WgSFSkn7112rmJQcHSUIQ,2el0CwHU2I4,Menyorot kehidupan Baihakki Khaizan dan Hariss Harun dalam pasukan Johor Darul Takzim I,75779,2014-02-01T09:22:23Z
UC_WgSFSkn7112rmJQcHSUIQ,STJRP21RxsQ,Alias Kadir selepas dipotong kaki,57249,2017-09-18T06:48:23Z
UC_WgSFSkn7112rmJQcHSUIQ,oJDsl2KcgBM,Fattzura...Serasi ke?,54510,2017-12-13T05:51:03Z
UC_WgSFSkn7112rmJQcHSUIQ,l7lkSEYyXzw,Berita Harian Anugerah Jauhari 2022,53000,2022-09-26T05:22:37Z
UC_WgSFSkn7112rmJQcHSUIQ,9QOX5L27mBg,Laporan Khas Berita Harian Singapura:┬аMengejar durian runtuh di Singapura,47883,2024-07-27T21:30:22Z
UC_WgSFSkn7112rmJQcHSUIQ,lFw-5rZ5MRE,Tablet Berita Harian - Berita di hujung jari anda,39638,2019-09-19T05:44:27Z
UC_WgSFSkn7112rmJQcHSUIQ,8eQggR2VT7E,"#NoTapis Ustaz &#39;exorcist&#39;: Lihat orang muntah paku, pisau belit",39603,2020-11-25T03:52:51Z
UC_WgSFSkn7112rmJQcHSUIQ,5BIVukrDxOw,Berita Harian Halal Food Map (15sec),38719,2021-08-19T09:03:13Z
UC_WgSFSkn7112rmJQcHSUIQ,JVw_UCwYiqU,Rakan karib rupanya adik kandung; adik-beradik Cina dibesarkan keluarga angkat.,31452,2024-01-05T12:55:04Z
UC_WgSFSkn7112rmJQcHSUIQ,83eV60mzB2U,Perjalanan hidup Razzi M (Black Dog Bone) dulu dan sekarang,28133,2014-09-24T08:55:00Z
UC_WgSFSkn7112rmJQcHSUIQ,9TEt8naGxck,Berita Harian Anugerah Jauhari 2022 - Video 2,20114,2022-09-22T08:50:53Z
UC_WgSFSkn7112rmJQcHSUIQ,drt4RqrPbF0,Double date with Fattzura,18923,2017-12-13T07:03:03Z
UC_WgSFSkn7112rmJQcHSUIQ,oSDSFxNHWIo,Pesan Mama - Filem pendek Hari Raya 2024 oleh Berita Harian Singapura,34022,2024-04-03T10:45:07Z
UC_WgSFSkn7112rmJQcHSUIQ,k1s8Bp_0iZU,Derita Ck Zaleha Abdul Kader sepanjang 30 tahun menghidap ekzema.,17075,2013-12-31T06:30:53Z
UC_WgSFSkn7112rmJQcHSUIQ,Rk9HIRy3AXw,Sanisah Huri tidak &#39;gelisah&#39; lagi,16303,2014-01-10T13:08:57Z
UC_WgSFSkn7112rmJQcHSUIQ,KsU_caKUNjQ,Tablet Berita Harian. Segalanya di hujung jari anda!,15865,2019-10-22T05:49:28Z
UC_WgSFSkn7112rmJQcHSUIQ,IWDZqju92cE,Wawancara Khas bersama Siti Nurhaliza,14692,2018-10-18T09:28:39Z
UC_WgSFSkn7112rmJQcHSUIQ,Edat3blfrK4,Wawancara Fandi Ahmad,12030,2013-12-11T15:09:12Z
UC_WgSFSkn7112rmJQcHSUIQ,q0ugRV9Dvw0,Skandal Adi Putra,10765,2013-12-17T13:20:43Z
UC_WgSFSkn7112rmJQcHSUIQ,6HsR8NFro9Q,Belajar pakai samping bersama BH,10309,2014-07-27T00:44:22Z
UC_WgSFSkn7112rmJQcHSUIQ,U0_-226axSA,Pezzo Pizza,8456,2014-02-11T00:42:13Z
UC_WgSFSkn7112rmJQcHSUIQ,6z2M434o9PA,Pesilat negara Nurul Suhaila Mohamed Saiful,7397,2013-12-11T05:35:47Z
UC_WgSFSkn7112rmJQcHSUIQ,snmuZDEb7qM,Taufik Batisah lawat Berita Harian Singapura,7081,2014-09-24T07:04:20Z
UC_WgSFSkn7112rmJQcHSUIQ,NRsQ0qpisK8,"Interview with new LionsXII coach, Fandi Ahmad (with English subtitles)",6563,2013-12-18T09:42:03Z
UC_WgSFSkn7112rmJQcHSUIQ,kJNeyfe-IxY,Hady Mirza dapat pujian daripada juri?,4432,2023-10-31T10:27:34Z
UC_WgSFSkn7112rmJQcHSUIQ,1o1_diZhqBo,Apa kata penduduk Limbang tentang DPM Lawrence Wong?,4278,2024-05-15T10:12:42Z
UC_WgSFSkn7112rmJQcHSUIQ,DHgemjSznn8,"[Teaser] #NoTapis Ep 3: &#39;Owe&#39; puasa, &#39;pay&#39; puasa",3941,2019-05-17T04:17:38Z
UC_WgSFSkn7112rmJQcHSUIQ,zM5ke2Ly8kU,[Teaser] #NoTapis EP 2: Ramadan 101,3835,2019-05-15T10:08:31Z
UC_WgSFSkn7112rmJQcHSUIQ,HyPkWE1-9xA,"Ibu tunggal hilang kaki kiri dek minyak panas, kini kedua-dua mata buta",3907,2024-06-06T14:18:07Z
UC_WgSFSkn7112rmJQcHSUIQ,mJK1VWZyH7E,Solat Jenazah di Masjid Ba&#39;alwie,3621,2019-02-16T07:33:14Z
UC_WgSFSkn7112rmJQcHSUIQ,cUiMdttGLgw,Ketua Polis Johor mengenai jenayah di JB,3577,2014-02-20T10:06:35Z
UC_WgSFSkn7112rmJQcHSUIQ,du3OfDGPfQI,Pentas akhir di Axiata Arena milik siapa?,3392,2023-12-02T07:37:57Z
UC_WgSFSkn7112rmJQcHSUIQ,pbyhL71Jr4o,Lampu Hari Raya 2017,3264,2017-05-22T07:21:04Z
UC_WgSFSkn7112rmJQcHSUIQ,bla2ZaZo5-4,All Stars Gegar Vaganza Minggu 6 | Hady Mirza macam artis korea?!,3205,2023-10-31T09:39:13Z
UC_WgSFSkn7112rmJQcHSUIQ,Jo7Kpu9oQhc,"Nenek hampir 100 tahun masih ligat, tak kenal erti penat",3175,2024-04-28T06:03:22Z
UC_WgSFSkn7112rmJQcHSUIQ,Po8H-2JQ3_I,BH eksklusif: Liputan suasana politik di Jakarta menjelang pilihan raya,2914,2014-02-03T00:59:45Z
UC_WgSFSkn7112rmJQcHSUIQ,JIUsK22-MUg,[Teaser] #NoTapis Ep 1: Common misconceptions about Ramadan and fasting,2856,2019-05-15T10:03:51Z
UC_WgSFSkn7112rmJQcHSUIQ,RpQKKg5WTZs,BH.sg Malam Lawak Sastera 2016,2633,2016-11-11T11:35:48Z
UC_WgSFSkn7112rmJQcHSUIQ,wu_fgwPbtSg,Nasihat Mufti Singapura,2487,2014-03-14T11:09:53Z
UC_WgSFSkn7112rmJQcHSUIQ,mdzLdd4NGos,"ЁЯЖХHalal Food In Singapore, Best Halal Food Singapore Berita Harian Video",2212,2021-08-19T10:44:01Z
UC_WgSFSkn7112rmJQcHSUIQ,rDizRt0smb8,"Mula sebagai personaliti tv, sekarang jadi tukang cari jodoh?",2084,2024-04-26T10:00:07Z
UC_WgSFSkn7112rmJQcHSUIQ,mQofbDS7ZEA,#NoTapis: &quot;Doktor kata peluang dia hidup hanya 20 peratus...&quot;,2076,2020-12-31T06:41:49Z
UC_WgSFSkn7112rmJQcHSUIQ,zdOuIGa7Jxs,Resipi Masakan Melayu Sihat (Ayam Lemak Cili Padi),2077,2017-08-26T23:36:08Z
UC_WgSFSkn7112rmJQcHSUIQ,BwZU7rQyTfA,Tengkarah HBB: Ateeqah Mazlan perjelas...,2050,2020-12-26T09:40:36Z
UC_WgSFSkn7112rmJQcHSUIQ,6I4abjeFFOM,Tragedi MH370 - Terbitan Khas Berita Harian Singapura,2044,2014-03-29T08:36:50Z
UC_WgSFSkn7112rmJQcHSUIQ,b2RR9z8ce_Q,Masih kuat semangat walau dijangka hidup dua minggu lagi,2025,2023-11-05T07:40:19Z
UC_WgSFSkn7112rmJQcHSUIQ,pQR-IbAZi04,Kaki Makan: Hidangan тАШmak cik bismillahтАЩ tarik minat pelanggan,1838,2023-12-23T04:59:11Z
UC4p_I9eiRewn2KoU-nawrDg,wg1iNV6ZTGE,[WATCH] Boy who died before getting PSLE results inspired many,2758029,2020-12-01T04:11:27Z
UC4p_I9eiRewn2KoU-nawrDg,GNSCfAAq878,&#39;It was time&#39;: Thai man who kept wife&#39;s body at home for 21 years comes to terms with her death,1069485,2022-05-15T01:59:46Z
UC4p_I9eiRewn2KoU-nawrDg,CcrcnKBCFuY,Struggles of an air stewardess | Before 10am | The Straits Times,809633,2019-02-18T07:42:51Z
UC4p_I9eiRewn2KoU-nawrDg,YSiRRMRhUSo,Becoming a Singapore Armed Forces elite soldier #commando,519251,2019-12-03T12:30:22Z
UC4p_I9eiRewn2KoU-nawrDg,57HBTpEn7KQ,Teen grows sustainable hydroponic farm at home,457663,2020-10-10T13:00:48Z
UC4p_I9eiRewn2KoU-nawrDg,pJ4eErqt768,Fandi v sons: The Father&#39;s Day quiz,447919,2022-06-19T06:00:09Z
UC4p_I9eiRewn2KoU-nawrDg,k4LMu7A9r_k,Becoming Singapore Airlines cabin crew: A training journey,408862,2022-10-25T11:00:34Z
UC4p_I9eiRewn2KoU-nawrDg,vZfgHNVvwxs,A Nurse and her Lover: The Anatomy of a Scam | CloseUp,311692,2022-05-15T10:00:48Z
UC4p_I9eiRewn2KoU-nawrDg,EwudxhOix3U,"Tallest fish farm in Singapore to produce 2,700 tonnes of fish a year by 2023",292751,2021-02-22T05:03:23Z
UC4p_I9eiRewn2KoU-nawrDg,XWWQEwFeP0I,Eight questions with Win Metawin,225595,2023-02-24T10:49:53Z
UC4p_I9eiRewn2KoU-nawrDg,L5iSa3GjHRg,The horror! Phobias from A to Z,218040,2022-10-29T14:03:12Z
UC4p_I9eiRewn2KoU-nawrDg,UCm-ZLzOCF0,Homemade Soya Milk recipe | Hed Chef | The Straits Times,218985,2020-05-14T07:48:42Z
UC4p_I9eiRewn2KoU-nawrDg,Xu7f23VsaCs,Godfrey Gao death: updates | THE BIG STORY | The Straits Times,204026,2019-11-28T10:12:00Z
UC0GP1HDhGZTLih7B89z_cTg,hb4okOr7vI0,"Trump shot in right ear at rally, source says shooter is dead",50525,2024-07-14T04:24:48Z
UC0GP1HDhGZTLih7B89z_cTg,hGuUFodet2s,Spinelli Coffee to shut all Singapore outlets after 27 years,22478,2023-11-30T08:30:18Z
UC0GP1HDhGZTLih7B89z_cTg,4vuHaHzJ5_k,How the assassination on Trump unfolded,7695,2024-07-15T04:30:01Z
UC0GP1HDhGZTLih7B89z_cTg,q_YcHhG1OR4,"BYD opens first EV factory in Thailand, eyes South-east Asia",6868,2024-07-05T10:00:54Z
UC0GP1HDhGZTLih7B89z_cTg,S8AvyDpicus,China&#39;s first airliner makes global debut at Singapore Airshow 2024,5446,2024-02-20T10:30:08Z
UC0GP1HDhGZTLih7B89z_cTg,vqfn0t3-4v0,Kamala Harris: тАШI know Donald TrumpтАЩs typeтАЩ,4251,2024-07-23T03:59:34Z
UC0GP1HDhGZTLih7B89z_cTg,tDCahunI3uo,Is ChinaтАЩs stock market slump a warning sign for investors?,3626,2024-01-24T03:30:17Z
UC0GP1HDhGZTLih7B89z_cTg,oNNZsN-1JrE,Italy tells China it is leaving Belt and Road Initiative,2740,2023-12-08T10:15:02Z
UC0GP1HDhGZTLih7B89z_cTg,ZLgTVnyAPyQ,China holds rare talks with US-allied South Korea and Japan in Seoul,2448,2024-05-28T10:00:19Z
UC0GP1HDhGZTLih7B89z_cTg,TwZ_EE9_SsE,ChinaтАЩs stock market crash to hit the global economy?,2305,2024-02-06T07:45:02Z
UCrbQxu0YkoVWu2dw5b1MzNg,NF6fYq6WS8k,уАРцА╗чРЖхН╕ф╗╗шо┐щЧоуАСцЭОцШ╛щ╛Щя╝Ъф╕Нх┐ЕхдкцВ▓шзВя╝МцЦ░хКахЭбхНОцЦЗцЬЙх╕МцЬЫ,552750,2024-05-10T10:00:18Z
UCrbQxu0YkoVWu2dw5b1MzNg,b2DaneNM85Y,уАРхЖпф╝Яшб╖ш┐╜цАЭф╝ЪуАСхдЪхРНхЕмф╝ЧуАБшЙ║ф║║уАБцФ┐шжБф╕АцЧйщЩЖч╗нхИ░чБ╡хаВщАБхИлф╝Яшб╖,170526,2019-01-27T01:45:27Z
UCrbQxu0YkoVWu2dw5b1MzNg,niS3QXYTv_M,уАРч╝ЕцААхЖпф╝Яшб╖уАСхИлф║Жя╝Мф╝Яшб╖ Remembering Aloysius Pang,152001,2019-01-28T01:05:19Z
UCrbQxu0YkoVWu2dw5b1MzNg,O6kgmmEVQCw,хЖпф╝Яшб╖хЖЫшонф╕зхС╜я╝ЪхИ░х║ХхПСчФЯф╗Аф╣Иф║Ля╝ЯWhat happened during Aloysius Pang&#39;s Fatal Training Accident?,116087,2019-02-12T02:36:28Z
UCrbQxu0YkoVWu2dw5b1MzNg,kYMmTHPJ3L0,[ENG SUB] ф╕НхЖНцШпшАБх░СщЕНя╝ЯцЦ░хКахЭбх╣┤ш╜╗чФ╖хглхп╗шзЕш╢КхНЧцЦ░хиШ Younger Singapore Men Looking for Vietnam Brides,116439,2024-03-21T11:00:38Z
UCrbQxu0YkoVWu2dw5b1MzNg,d28TJuOpsYg,[ENG SUB] хе│щжЦхпМх╝ач╛ОхЕ░ф┐ЭцКдф╝Юхд▒чБ╡  ш╢КхЕ▒хПНшЕРхНЗч║зцЭГцЦЧхКахЙз Who is behind VietnamтАЩs biggest corruption case? | ф╕ЦчХМхдзшзгшп┤,98565,2024-05-30T12:30:21Z
UCs0xZ60FSNxFxHPVFFsXNTA,7XJNE5A7L1E,роЪро┐роЩрпНроХрокрпНрокрпВро░ро┐ро▓рпН родро░рпИропро┐ро▒роЩрпНроХро┐ройро╛ро░рпН рокро╛роЯроХро░рпБроорпН роЗроЪрпИ роЕроорпИрокрпНрокро╛ро│ро░рпБрооро╛рой рокро┐ро░родрпАрокрпН роХрпБрооро╛ро░рпН,457,2024-05-21T04:46:47Z
UCs0xZ60FSNxFxHPVFFsXNTA,cBfNQD5mIww,"роЕро░ро┐ропро╡роХрпИ роирпЛропрпНроХро│рпБроЯройрпН рокро┐ро▒роирпНродрпБ роЖро▒рпЗ рооро╛родроЩрпНроХро│ро┐ро▓рпН роЗро▒роирпНродро╛ро▓рпБроорпН, родро╛ропро╛ро░ро┐ройрпН рооройродро┐ро▓рпН роОройрпНро▒рпБроорпН ро╡ро╛ро┤рпНроХро┐ро▒ро╛ро░рпН роЖродро╛роорпН",446,2024-05-12T12:44:16Z
UC4p_I9eiRewn2KoU-nawrDg,L5iSa3GjHRg,The horror! Phobias from A to Z,218043,2022-10-29T14:03:12Z
UC0GP1HDhGZTLih7B89z_cTg,diZTMaUHgww,Rescue underway at Baltimore bridge collapse after Singapore-flagged ship crash,55973,2024-03-27T04:15:01Z
UC0GP1HDhGZTLih7B89z_cTg,_00Wo5Mx4xc,"тАЬNo, IтАЩm Singaporean,тАЭ TikTok CEO questioned over ties to China",14923,2024-02-01T07:13:27Z
UC0GP1HDhGZTLih7B89z_cTg,xT7Rk0Ur4c0,Why are China F&amp;Bs brands piling into Singapore?,6623,2024-07-26T08:30:30Z
UC0GP1HDhGZTLih7B89z_cTg,Ep54IAqRcUo,Russia-North Korea Summit: Geopolitical bet or diplomatic win? #shorts,3659,2024-06-24T08:00:09Z
UC0GP1HDhGZTLih7B89z_cTg,iJy0_dkH1Z0,(2022) Sats: From Singapore Airlines inflight caterer to global air cargo handler,2237,2022-10-08T03:00:19Z
UCrbQxu0YkoVWu2dw5b1MzNg,b-Uk5gkWJCM,цФ┐хЭЫщгОщЫи17х╣┤тАФтАФхЫЮщб╛х╖еф║║хЕЪхИШчиЛх╝║ф╗ОцФ┐х┐Гш╖п,96432,2018-04-15T07:15:06Z
UCrbQxu0YkoVWu2dw5b1MzNg,lYrwej-R6cA,хдзщАЙ2020х╝Ачеиф╣ЛхдЬчО░хЬ║чЫ┤цТн,91043,2020-07-10T20:41:39Z
UC4p_I9eiRewn2KoU-nawrDg,UCm-ZLzOCF0,Homemade Soya Milk recipe | Hed Chef | The Straits Times,219031,2020-05-14T07:48:42Z
UC0GP1HDhGZTLih7B89z_cTg,2WkQAy4ztuQ,"[LIVE] Singapore Budget 2024 statement by DPM Lawrence Wong | Feb 16, 3.30pm",8173,2024-02-16T09:30:53Z
UCrbQxu0YkoVWu2dw5b1MzNg,G3WZBnvQtQc,хоЛцЕзф╣ФшЗкшодтАЬф╕Нх╣┤ш╜╗ф║ЖтАЭ шжБхЛдф┐ЭхЕ╗цКЧшАБ,96338,2019-03-01T09:00:01Z
UCrbQxu0YkoVWu2dw5b1MzNg,qVaH-1kjwRA,ш┐╜х┐ЖхЖпф╝Яшб╖,87876,2019-01-24T01:38:05Z
UCs0xZ60FSNxFxHPVFFsXNTA,LcryZe8RXck,роЪро┐роЩрпНроХрокрпНрокрпВро░рпН роЪро╛родройрпИрокрпН рокрпБродрпНродроХродрпНродро┐ро▓рпН роЖройроирпНрод рокро╡ройрпН роЙрогро╡роХроорпН,672,2024-07-28T06:22:25Z
UC_WgSFSkn7112rmJQcHSUIQ,JVw_UCwYiqU,Rakan karib rupanya adik kandung; adik-beradik Cina dibesarkan keluarga angkat.,31396,2024-01-05T12:55:04Z
UC_WgSFSkn7112rmJQcHSUIQ,g0W46kag-5s,#NoTapis - Aina Abdul &quot;koyak&quot; dengan komen netizen?,4149,2023-12-22T07:15:01Z
UC_WgSFSkn7112rmJQcHSUIQ,Jo7Kpu9oQhc,"Nenek hampir 100 tahun masih ligat, tak kenal erti penat",3173,2024-04-28T06:03:22Z
UC_WgSFSkn7112rmJQcHSUIQ,vc4WAlwetKE,Aina Abdul тАШada kelasтАЩ dunia,2052,2024-01-10T08:03:12Z
